{
    "rmse": 0.646879367583977,
    "mae": 0.6570101469557718,
    "r2": 0.01013991182475471
}